{
  "n_steps": 100,
  "n_bins": 128,
  "density_range": [
    7.5,
    15.0
  ],
  "bin_centers": [
    7.529296875,
    7.587890625,
    7.646484375,
    7.705078125,
    7.763671875,
    7.822265625,
    7.880859375,
    7.939453125,
    7.998046875,
    8.056640625,
    8.115234375,
    8.173828125,
    8.232421875,
    8.291015625,
    8.349609375,
    8.408203125,
    8.466796875,
    8.525390625,
    8.583984375,
    8.642578125,
    8.701171875,
    8.759765625,
    8.818359375,
    8.876953125,
    8.935546875,
    8.994140625,
    9.052734375,
    9.111328125,
    9.169921875,
    9.228515625,
    9.287109375,
    9.345703125,
    9.404296875,
    9.462890625,
    9.521484375,
    9.580078125,
    9.638671875,
    9.697265625,
    9.755859375,
    9.814453125,
    9.873046875,
    9.931640625,
    9.990234375,
    10.048828125,
    10.107421875,
    10.166015625,
    10.224609375,
    10.283203125,
    10.341796875,
    10.400390625,
    10.458984375,
    10.517578125,
    10.576171875,
    10.634765625,
    10.693359375,
    10.751953125,
    10.810546875,
    10.869140625,
    10.927734375,
    10.986328125,
    11.044921875,
    11.103515625,
    11.162109375,
    11.220703125,
    11.279296875,
    11.337890625,
    11.396484375,
    11.455078125,
    11.513671875,
    11.572265625,
    11.630859375,
    11.689453125,
    11.748046875,
    11.806640625,
    11.865234375,
    11.923828125,
    11.982421875,
    12.041015625,
    12.099609375,
    12.158203125,
    12.216796875,
    12.275390625,
    12.333984375,
    12.392578125,
    12.451171875,
    12.509765625,
    12.568359375,
    12.626953125,
    12.685546875,
    12.744140625,
    12.802734375,
    12.861328125,
    12.919921875,
    12.978515625,
    13.037109375,
    13.095703125,
    13.154296875,
    13.212890625,
    13.271484375,
    13.330078125,
    13.388671875,
    13.447265625,
    13.505859375,
    13.564453125,
    13.623046875,
    13.681640625,
    13.740234375,
    13.798828125,
    13.857421875,
    13.916015625,
    13.974609375,
    14.033203125,
    14.091796875,
    14.150390625,
    14.208984375,
    14.267578125,
    14.326171875,
    14.384765625,
    14.443359375,
    14.501953125,
    14.560546875,
    14.619140625,
    14.677734375,
    14.736328125,
    14.794921875,
    14.853515625,
    14.912109375,
    14.970703125
  ],
  "peak_count_per_step": [
    126773,
    126273,
    125819,
    125464,
    125454,
    125167,
    124701,
    124408,
    124520,
    124240,
    123833,
    123639,
    123456,
    123373,
    123068,
    122804,
    122572,
    122214,
    121985,
    121826,
    121667,
    121582,
    121195,
    121081,
    121205,
    120890,
    120819,
    120661,
    120485,
    120283,
    120359,
    120142,
    119978,
    119666,
    119575,
    119632,
    119301,
    119171,
    119136,
    118872,
    118677,
    118389,
    118327,
    117985,
    117737,
    117496,
    117234,
    117055,
    117017,
    116899,
    116631,
    116433,
    116344,
    116093,
    116001,
    115864,
    115773,
    115724,
    115698,
    115687,
    115569,
    115411,
    115351,
    115187,
    115003,
    114817,
    114563,
    114463,
    114163,
    114257,
    114160,
    113891,
    113843,
    113696,
    113368,
    113225,
    113058,
    113118,
    112970,
    112814,
    112542,
    112356,
    112117,
    111881,
    111664,
    111505,
    111320,
    111224,
    110848,
    110846,
    110878,
    111014,
    110983,
    111057,
    110949,
    110657,
    110352,
    110200,
    110165,
    109943
  ],
  "peak_bin_per_step": [
    32,
    32,
    32,
    32,
    32,
    32,
    32,
    32,
    32,
    32,
    32,
    32,
    32,
    32,
    32,
    32,
    32,
    32,
    31,
    32,
    31,
    31,
    31,
    31,
    31,
    31,
    31,
    31,
    31,
    31,
    31,
    31,
    31,
    31,
    31,
    31,
    31,
    31,
    31,
    31,
    31,
    31,
    31,
    31,
    31,
    31,
    31,
    30,
    30,
    30,
    30,
    30,
    30,
    30,
    30,
    30,
    30,
    30,
    30,
    30,
    30,
    30,
    30,
    30,
    30,
    30,
    30,
    30,
    30,
    30,
    30,
    30,
    30,
    30,
    30,
    30,
    30,
    30,
    30,
    30,
    30,
    30,
    30,
    30,
    30,
    30,
    29,
    30,
    30,
    29,
    29,
    29,
    29,
    29,
    29,
    29,
    29,
    29,
    29,
    29
  ]
}