{
  "n_tracked": 5000,
  "t0_mean": 9.49142074584961,
  "t99_mean": 9.327890396118164,
  "gained_density_pct": 29.759999999999998,
  "lost_density_pct": 70.24000000000001
}