{
  "step": 73,
  "bins": 128,
  "range": [
    7.5,
    15.0
  ],
  "edges": [
    7.5,
    7.55859375,
    7.6171875,
    7.67578125,
    7.734375,
    7.79296875,
    7.8515625,
    7.91015625,
    7.96875,
    8.02734375,
    8.0859375,
    8.14453125,
    8.203125,
    8.26171875,
    8.3203125,
    8.37890625,
    8.4375,
    8.49609375,
    8.5546875,
    8.61328125,
    8.671875,
    8.73046875,
    8.7890625,
    8.84765625,
    8.90625,
    8.96484375,
    9.0234375,
    9.08203125,
    9.140625,
    9.19921875,
    9.2578125,
    9.31640625,
    9.375,
    9.43359375,
    9.4921875,
    9.55078125,
    9.609375,
    9.66796875,
    9.7265625,
    9.78515625,
    9.84375,
    9.90234375,
    9.9609375,
    10.01953125,
    10.078125,
    10.13671875,
    10.1953125,
    10.25390625,
    10.3125,
    10.37109375,
    10.4296875,
    10.48828125,
    10.546875,
    10.60546875,
    10.6640625,
    10.72265625,
    10.78125,
    10.83984375,
    10.8984375,
    10.95703125,
    11.015625,
    11.07421875,
    11.1328125,
    11.19140625,
    11.25,
    11.30859375,
    11.3671875,
    11.42578125,
    11.484375,
    11.54296875,
    11.6015625,
    11.66015625,
    11.71875,
    11.77734375,
    11.8359375,
    11.89453125,
    11.953125,
    12.01171875,
    12.0703125,
    12.12890625,
    12.1875,
    12.24609375,
    12.3046875,
    12.36328125,
    12.421875,
    12.48046875,
    12.5390625,
    12.59765625,
    12.65625,
    12.71484375,
    12.7734375,
    12.83203125,
    12.890625,
    12.94921875,
    13.0078125,
    13.06640625,
    13.125,
    13.18359375,
    13.2421875,
    13.30078125,
    13.359375,
    13.41796875,
    13.4765625,
    13.53515625,
    13.59375,
    13.65234375,
    13.7109375,
    13.76953125,
    13.828125,
    13.88671875,
    13.9453125,
    14.00390625,
    14.0625,
    14.12109375,
    14.1796875,
    14.23828125,
    14.296875,
    14.35546875,
    14.4140625,
    14.47265625,
    14.53125,
    14.58984375,
    14.6484375,
    14.70703125,
    14.765625,
    14.82421875,
    14.8828125,
    14.94140625,
    15.0
  ],
  "centers": [
    7.5293,
    7.5879,
    7.6465,
    7.7051,
    7.7637,
    7.8223,
    7.8809,
    7.9395,
    7.998,
    8.0566,
    8.1152,
    8.1738,
    8.2324,
    8.291,
    8.3496,
    8.4082,
    8.4668,
    8.5254,
    8.584,
    8.6426,
    8.7012,
    8.7598,
    8.8184,
    8.877,
    8.9355,
    8.9941,
    9.0527,
    9.1113,
    9.1699,
    9.2285,
    9.2871,
    9.3457,
    9.4043,
    9.4629,
    9.5215,
    9.5801,
    9.6387,
    9.6973,
    9.7559,
    9.8145,
    9.873,
    9.9316,
    9.9902,
    10.0488,
    10.1074,
    10.166,
    10.2246,
    10.2832,
    10.3418,
    10.4004,
    10.459,
    10.5176,
    10.5762,
    10.6348,
    10.6934,
    10.752,
    10.8105,
    10.8691,
    10.9277,
    10.9863,
    11.0449,
    11.1035,
    11.1621,
    11.2207,
    11.2793,
    11.3379,
    11.3965,
    11.4551,
    11.5137,
    11.5723,
    11.6309,
    11.6895,
    11.748,
    11.8066,
    11.8652,
    11.9238,
    11.9824,
    12.041,
    12.0996,
    12.1582,
    12.2168,
    12.2754,
    12.334,
    12.3926,
    12.4512,
    12.5098,
    12.5684,
    12.627,
    12.6855,
    12.7441,
    12.8027,
    12.8613,
    12.9199,
    12.9785,
    13.0371,
    13.0957,
    13.1543,
    13.2129,
    13.2715,
    13.3301,
    13.3887,
    13.4473,
    13.5059,
    13.5645,
    13.623,
    13.6816,
    13.7402,
    13.7988,
    13.8574,
    13.916,
    13.9746,
    14.0332,
    14.0918,
    14.1504,
    14.209,
    14.2676,
    14.3262,
    14.3848,
    14.4434,
    14.502,
    14.5605,
    14.6191,
    14.6777,
    14.7363,
    14.7949,
    14.8535,
    14.9121,
    14.9707
  ],
  "counts": [
    0,
    0,
    0,
    0,
    0,
    18,
    49,
    61,
    120,
    263,
    712,
    1384,
    2601,
    4131,
    6661,
    9856,
    14247,
    19071,
    25874,
    34048,
    42111,
    51504,
    61386,
    71488,
    80805,
    88293,
    96474,
    102799,
    108250,
    112587,
    113696,
    110819,
    105960,
    99604,
    91677,
    83437,
    74719,
    65980,
    59441,
    52543,
    45916,
    39650,
    33737,
    29102,
    24985,
    21063,
    17881,
    14866,
    12811,
    10678,
    8856,
    7170,
    5848,
    4985,
    4090,
    3310,
    2935,
    2526,
    2232,
    1802,
    1569,
    1329,
    1049,
    914,
    772,
    674,
    598,
    518,
    419,
    372,
    299,
    244,
    207,
    163,
    154,
    97,
    100,
    67,
    74,
    61,
    60,
    36,
    28,
    32,
    32,
    33,
    23,
    20,
    15,
    16,
    8,
    4,
    7,
    6,
    4,
    1,
    4,
    2,
    7,
    4,
    3,
    0,
    4,
    2,
    1,
    3,
    0,
    0,
    0,
    2,
    1,
    0,
    0,
    0,
    0,
    0,
    1,
    1,
    0,
    0,
    0,
    0,
    0,
    0,
    0,
    0,
    0,
    0
  ],
  "mean": 9.358819961547852,
  "std": 0.48351940512657166
}